INSERT INTO `users` (`id`, `pseudo`, `email`, `password`, `photo`, `credits`, `roles`) VALUES
(1, 'Admin', 'ecoride-studi-to@gmail.com', '$2y$12$nX.GJIosY1QNNSUgpfXvTe8KaeWcKjUWOcHe6WfeTnREzBGyHq6km', 'ecoride.png', 0, 'ADMIN'),
(2, 'Passager', 'ecoride-studi-passager@proton.me', '$2y$12$VyjNn.s4DsMkzAXGqVWz.O55W95IL.znOIeRsvv4tFwnMp3X3OXCy', 'default.png', 20, 'USER'),
(3, 'Conductrice', 'ecoride-studi-conductrice@proton.me', '$2y$12$uvwlSeKaOb/z11yl4wn.6us5Sxu3ZudIuF/ibNVVonQYN9F9akn66', 'Conductrice.jpg', 20, 'USER');

(4, 'Alice', 'exemple1@mail.com', '', 'default.png', 10, 'USER'),
(5, 'Benoit', 'exemple2@mail.com', '', 'default.png', 15, 'USER'),
(6, 'Chloe', 'exemple3@mail.com', '', 'default.png', 20, 'USER'),
(7, 'Damien', 'exemple4@mail.com', '', 'default.png', 25, 'USER'),
(8, 'Emilie', 'exemple5@mail.com', '', 'default.png', 30, 'USER'),
(9, 'Fabien', 'exemple6@mail.com', '', 'default.png', 5, 'USER'),
(10, 'Gabrielle', 'exemple7@mail.com', '', 'default.png', 40, 'USER'),
(11, 'Hugo', 'exemple8@mail.com', '', 'default.png', 12, 'USER'),
(12, 'Ines', 'exemple9@mail.com', '', 'default.png', 18, 'USER'),
(13, 'Julien', 'exemple10@mail.com', '', 'default.png', 22, 'USER'),
(14, 'Karine', 'exemple11@mail.com', '', 'default.png', 7, 'USER'),
(15, 'Laurent', 'exemple12@mail.com', '', 'default.png', 50, 'USER');





INSERT INTO `carpools` (`id`, `date`, `departure_time`, `departure_city`, `departure_postalcode`, `departure_lat`, `departure_lon`, `arrival_time`, `arrival_city`, `arrival_postalcode`, `arrival_lat`, `arrival_lon`, `duration`, `status`, `seats`, `available_seats`, `price`, `driver_id`, `car_id`, `is_ecological`, `smoke`, `animals`, `preferences`, `commission`) VALUES
(1, '2025-11-20', '08:00:00', 'Dijon', 21000, 47.322047, 5.04148, '11:00:00', 'Lyon', 69003, 45.764043, 4.835659, 180, 'Planifié', 4, 3, 45.0, 2, 1, 0, 0, 0, '', 0),
(2, '2025-11-20', '07:30:00', 'Longvic', 21600, 47.287200, 5.097800, '10:45:00', 'Villeurbanne', 69100, 45.766667, 4.866667, 195, 'Planifié', 3, 2, 50.0, 5, 2, 1, 0, 0, '', 0),
(3, '2025-11-20', '09:15:00', 'Chenôve', 21300, 47.317500, 5.028500, '12:10:00', 'Bron', 69500, 45.732000, 4.911000, 175, 'Planifié', 4, 4, 40.0, 3, 4, 0, 1, 0, 'Pas de fumeur', 0),
(4, '2025-11-20', '06:45:00', 'Quetigny', 21800, 47.299000, 5.071000, '10:00:00', 'Vénissieux', 69200, 45.720000, 4.885000, 195, 'Planifié', 5, 3, 55.0, 7, 3, 0, 0, 1, '', 0),
(5, '2025-11-20', '08:30:00', 'Talant', 21240, 47.367000, 5.002000, '11:50:00', 'Oullins', 69600, 45.743000, 4.810000, 200, 'Planifié', 3, 1, 48.0, 4, 5, 1, 0, 0, 'Animaux ok', 0),

(6, '2025-10-01', '14:00:00', 'Paris', 75008, 48.873792, 2.295028, '17:00:00', 'Rouen', 76000, 49.443232, 1.099971, 180, 'Terminé', 4, 0, 30.0, 1, 1, 0, 0, 0, '', 1),
(7, '2025-09-15', '06:15:00', 'Marseille', 13001, 43.296482, 5.36978, '09:45:00', 'Aix-en-Provence', 13100, 43.529742, 5.447427, 210, 'A valider', 3, 2, 25.0, 6, 2, 1, 0, 0, '', 0),
(8, '2025-12-05', '20:30:00', 'Nantes', 44000, 47.218371, -1.553621, '23:50:00', 'Rennes', 35000, 48.117266, -1.677792, 200, 'Planifié', 4, 4, 35.0, 8, 2, 0, 0, 0, '', 0),
(9, '2025-07-22', '09:00:00', 'Bordeaux', 33000, 44.837789, -0.57918, '12:30:00', 'Pau', 64000, 43.2951, -0.370797, 210, 'Terminé', 5, 0, 40.0, 9, 3, 0, 1, 0, 'Musique soft', 1),
(10, '2026-01-10', '13:45:00', 'Toulouse', 31000, 43.604652, 1.444209, '16:10:00', 'Albi', 81000, 43.928, 2.146, 145, 'Planifié', 3, 3, 28.0, 10, 4, 1, 0, 1, '', 0),

(11, '2025-11-02', '18:00:00', 'Lille', 59800, 50.62925, 3.057256, '21:30:00', 'Arras', 62000, 50.291000, 2.777000, 210, 'En cours', 4, 2, 40.0, 11, 1, 0, 0, 0, '', 0),
(12, '2025-08-28', '07:00:00', 'Nice', 06000, 43.710173, 7.261953, '10:00:00', 'Cannes', 06400, 43.552847, 7.017369, 180, 'Terminé', 3, 0, 22.0, 12, 2, 0, 0, 0, '', 1),
(13, '2026-02-14', '12:00:00', 'Strasbourg', 67000, 48.573405, 7.752111, '14:30:00', 'Metz', 57000, 49.119308, 6.175715, 150, 'Planifié', 4, 4, 33.0, 13, 3, 0, 1, 0, '', 0),
(14, '2025-05-05', '05:45:00', 'Montpellier', 34000, 43.6119, 3.8772, '09:00:00', 'Nîmes', 30000, 43.837, 4.360, 195, 'Terminé', 5, 0, 27.0, 14, 4, 1, 0, 1, 'Pas de fortes odeurs', 1),
(15, '2025-11-25', '10:30:00', 'Rennes', 35000, 48.117266, -1.677792, '13:00:00', 'Angers', 49000, 47.478419, -0.563166, 150, 'Planifié', 3, 3, 30.0, 15, 5, 0, 0, 0, '', 0),

(16, '2025-06-18', '16:00:00', 'Clermont-Ferrand', 63000, 45.777222, 3.087025, '18:00:00', 'Le Puy-en-Velay', 43000, 45.0416, 3.8858, 120, 'Terminé', 4, 2, 20.0, 16, 2, 1, 0, 0, '', 0),
(17, '2025-03-03', '09:30:00', 'Grenoble', 38000, 45.188529, 5.724524, '11:15:00', 'Gap', 05000, 44.559, 6.078, 105, 'Terminé', 3, 0, 18.0, 17, 3, 0, 0, 1, '', 1),
(18, '2025-11-30', '07:20:00', 'Saint-Étienne', 42000, 45.439695, 4.387178, '08:50:00', 'Valence', 26000, 44.933, 4.892, 90, 'Planifié', 4, 4, 22.0, 18, 2, 0, 0, 0, '', 0),
(19, '2025-04-12', '15:15:00', 'Le Havre', 76600, 49.49437, 0.107929, '18:20:00', 'Caen', 14000, 49.182863, -0.370679, 185, 'Terminé', 5, 0, 35.0, 19, 3, 0, 1, 0, '', 1),
(20, '2025-11-11', '11:00:00', 'Reims', 51100, 49.258329, 4.031696, '13:45:00', 'Châlons-en-Champagne', 51000, 48.956, 4.363, 165, 'Planifié', 3, 2, 27.0, 20, 4, 0, 0, 0, '', 0),

(21, '2025-12-24', '06:30:00', 'Toulon', 83000, 43.124228, 5.928, '08:30:00', 'Hyères', 83400, 43.125, 6.127, 120, 'Planifié', 4, 4, 20.0, 21, 1, 1, 0, 1, '', 0),
(22, '2025-10-09', '19:00:00', 'Angers', 49000, 47.478419, -0.563166, '21:45:00', 'Le Mans', 72000, 48.006, 0.199, 165, 'Terminé', 3, 0, 18.0, 22, 2, 0, 0, 0, '', 1),
(23, '2025-09-01', '05:50:00', 'Le Mans', 72000, 48.006111, 0.199556, '08:30:00', 'Tours', 37000, 47.394144, 0.68484, 160, 'Terminé', 5, 0, 25.0, 23, 3, 0, 1, 0, '', 1),
(24, '2026-03-08', '12:20:00', 'Caen', 14000, 49.182863, -0.370679, '15:10:00', 'Bayeux', 14400, 49.277, -0.701, 170, 'Planifié', 4, 4, 22.0, 24, 4, 0, 0, 0, '', 0),
(25, '2025-11-07', '07:40:00', 'Dijon', 21000, 47.322047, 5.04148, '10:10:00', 'Besançon', 25000, 47.237829, 6.024053, 150, 'Terminé', 3, 0, 30.0, 25, 1, 1, 0, 0, '', 1),

(26, '2025-11-18', '09:00:00', 'Lyon', 69003, 45.764043, 4.835659, '12:15:00', 'Annecy', 74000, 45.899249, 6.129384, 195, 'Planifié', 4, 3, 60.0, 26, 2, 0, 0, 0, '', 0),
(27, '2025-05-22', '14:30:00', 'Bordeaux', 33000, 44.837789, -0.57918, '18:10:00', 'La Rochelle', 17000, 46.159, -1.153, 220, 'Terminé', 5, 0, 45.0, 27, 3, 0, 1, 0, '', 1),
(28, '2026-04-02', '08:15:00', 'Nantes', 44000, 47.218371, -1.553621, '12:00:00', 'Angoulême', 16000, 45.648, 0.156, 225, 'Planifié', 3, 3, 38.0, 28, 4, 1, 0, 1, '', 0),
(29, '2025-11-03', '20:00:00', 'Paris', 75001, 48.856614, 2.352222, '22:50:00', 'Orléans', 45000, 47.903, 1.909, 170, 'Planifié', 4, 2, 35.0, 29, 1, 0, 0, 0, '', 0),
(30, '2025-02-20', '10:00:00', 'Perpignan', 66000, 42.688659, 2.894833, '13:30:00', 'Narbonne', 11100, 43.184, 3.003, 210, 'Terminé', 3, 0, 28.0, 30, 2, 1, 0, 0, '', 1),

(31, '2025-11-29', '07:10:00', 'Tours', 37000, 47.394144, 0.68484, '09:30:00', 'Orléans', 45000, 47.902964, 1.909251, 140, 'Planifié', 4, 4, 20.0, 31, 3, 0, 0, 0, '', 0),
(32, '2026-06-15', '16:40:00', 'Nancy', 54000, 48.692054, 6.184417, '19:00:00', 'Metz', 57000, 49.119308, 6.175715, 140, 'Planifié', 3, 2, 25.0, 32, 2, 0, 1, 0, '', 0),
(33, '2025-11-08', '12:00:00', 'Annecy', 74000, 45.899249, 6.129384, '14:30:00', 'Chambéry', 73000, 45.564601, 5.917781, 150, 'Planifié', 4, 4, 30.0, 33, 4, 1, 0, 0, '', 0),
(34, '2025-01-20', '05:30:00', 'Brest', 29200, 48.390394, -4.486076, '09:15:00', 'Quimper', 29000, 47.996, -4.103, 225, 'Terminé', 5, 0, 40.0, 34, 3, 0, 0, 1, '', 1),
(35, '2025-11-14', '18:20:00', 'Nice', 06000, 43.710173, 7.261953, '21:30:00', 'Menton', 06500, 43.775, 7.493, 190, 'Planifié', 3, 2, 35.0, 35, 5, 0, 0, 0, '', 0),

(36, '2025-11-16', '09:45:00', 'Toulouse', 31000, 43.604652, 1.444209, '12:30:00', 'Carcassonne', 11000, 43.213, 2.351, 165, 'Planifié', 4, 4, 29.0, 36, 1, 1, 0, 1, '', 0),
(37, '2025-11-05', '13:00:00', 'Biarritz', 64200, 43.483, -1.558, '15:15:00', 'Bayonne', 64100, 43.492, -1.474, 135, 'Terminé', 3, 0, 20.0, 37, 2, 0, 0, 0, '', 1),
(38, '2026-07-01', '07:55:00', 'Colmar', 68000, 48.079, 7.355, '10:10:00', 'Mulhouse', 68100, 47.750839, 7.335888, 135, 'Planifié', 4, 4, 26.0, 38, 3, 0, 0, 0, '', 0),
(39, '2025-11-09', '17:30:00', 'Valence', 26000, 44.933, 4.892, '19:15:00', 'Romans-sur-Isère', 26100, 45.053, 4.948, 105, 'Planifié', 3, 3, 15.0, 39, 2, 0, 1, 0, '', 0),
(40, '2025-12-31', '23:00:00', 'Paris', 75010, 48.874, 2.357, '08:00:00', 'Lille', 59000, 50.62925, 3.057256, 420, 'Planifié', 5, 5, 60.0, 40, 4, 0, 0, 0, 'Voyage de nuit', 0),

(41, '2025-11-21', '08:45:00', 'Avignon', 84000, 43.9493, 4.8055, '10:30:00', 'Cavaillon', 84300, 43.883, 5.055, 105, 'Planifié', 3, 3, 18.0, 41, 1, 1, 0, 0, '', 0),
(42, '2025-11-23', '07:00:00', 'Chartres', 28000, 48.446, 1.489, '09:30:00', 'Dreux', 28100, 48.736, 1.362, 150, 'Planifié', 4, 4, 22.0, 42, 2, 0, 0, 0, '', 0),
(43, '2026-02-02', '10:10:00', 'Saint-Étienne', 42000, 45.439695, 4.387178, '12:40:00', 'Roanne', 42300, 46.037, 4.086, 150, 'Planifié', 3, 2, 20.0, 43, 3, 0, 1, 0, '', 0),
(44, '2025-11-27', '15:00:00', 'La Rochelle', 17000, 46.159, -1.153, '18:00:00', 'Niort', 79000, 46.323, -0.458, 180, 'Planifié', 4, 4, 30.0, 44, 4, 0, 0, 0, '', 0),
(45, '2025-11-26', '06:00:00', 'Pau', 64000, 43.2951, -0.370797, '08:30:00', 'Tarbes', 65000, 43.236, 0.072, 150, 'Planifié', 3, 3, 22.0, 45, 5, 1, 0, 0, '', 0),

(46, '2025-11-04', '11:30:00', 'Chartres', 28000, 48.446, 1.489, '14:10:00', 'Orléans', 45000, 47.902964, 1.909251, 160, 'Terminé', 4, 0, 24.0, 46, 2, 0, 0, 1, '', 1),
(47, '2025-08-19', '09:20:00', 'Dunkerque', 59140, 51.03437, 2.3768, '13:00:00', 'Lille', 59800, 50.62925, 3.057256, 220, 'Terminé', 5, 0, 40.0, 47, 1, 0, 1, 0, '', 1),
(48, '2025-11-12', '07:50:00', 'Besançon', 25000, 47.237829, 6.024053, '10:30:00', 'Bourg-en-Bresse', 01000, 46.204, 5.225, 160, 'Planifié', 3, 3, 27.0, 48, 3, 0, 0, 0, '', 0),
(49, '2026-01-05', '18:10:00', 'Metz', 57000, 49.119308, 6.175715, '20:45:00', 'Nancy', 54000, 48.692054, 6.184417, 155, 'Planifié', 4, 4, 26.0, 49, 4, 0, 0, 0, '', 0),
(50, '2025-11-06', '16:25:00', 'Reims', 51100, 49.258329, 4.031696, '18:40:00', 'Épernay', 51200, 49.048, 3.957, 135, 'Planifié', 3, 2, 20.0, 50, 2, 0, 1, 0, '', 0),

(51, '2025-11-13', '08:15:00', 'Le Havre', 76600, 49.49437, 0.107929, '11:00:00', 'Honfleur', 14600, 49.419, 0.232, 165, 'Planifié', 4, 4, 28.0, 51, 3, 0, 0, 0, '', 0),
(52, '2026-03-30', '07:05:00', 'Amiens', 80000, 49.894067, 2.295753, '09:40:00', 'Beauvais', 60000, 49.427, 2.090, 155, 'Planifié', 3, 2, 24.0, 52, 1, 0, 0, 0, '', 0),
(53, '2025-11-19', '12:45:00', 'Dijon', 21000, 47.322047, 5.04148, '15:30:00', 'Montbard', 21500, 47.703, 4.224, 165, 'Planifié', 4, 4, 20.0, 53, 2, 1, 0, 0, '', 0),
(54, '2025-11-17', '09:10:00', 'Lyon', 69007, 45.748, 4.825, '11:50:00', 'Villefranche-sur-Saône', 69400, 46.297, 4.718, 160, 'Planifié', 3, 3, 22.0, 54, 3, 0, 0, 0, '', 0),
(55, '2025-12-01', '10:00:00', 'Nîmes', 30000, 43.836699, 4.360054, '12:10:00', 'Arles', 13200, 43.676, 4.630, 130, 'Planifié', 4, 4, 18.0, 55, 4, 0, 0, 1, '', 0);



INSERT INTO `reviews` (`id`, `rate`, `commentary`, `validate`, `user_id`, `driver_id`, `carpool_id`) VALUES
(1, 5, 'Super je suis content', 0, 3, 2, 4);
(2, 4, 'Pas mal', 0, 4, 2, 4),
(3, 5, 'Très bon conducteur, ponctuel', 1, 5, 1, 5),
(4, 3, 'Conduite correcte', 0, 6, 3, 6),
(5, 5, 'Excellent service', 1, 7, 2, 7),
(6, 2, 'Peut mieux faire', 0, 8, 4, 8),
(7, 4, 'Sympa et prudent', 1, 9, 3, 9),
(8, 5, 'Voyage très agréable', 1, 10, 5, 10),
(9, 1, 'Tardif et impoli', 0, 11, 6, 11),
(10, 4, 'Bonne expérience', 1, 12, 3, 12),
(11, 5, 'Recommande vivement', 1, 13, 7, 13),
(12, 3, 'OK', 0, 14, 8, 14),
(13, 4, 'Correct', 1, 15, 3, 15),
(14, 2, 'Mauvaise odeur dans la voiture', 0, 16, 9, 16),
(15, 5, 'Parfait', 1, 17, 10, 17),
(16, 4, 'Confortable et sûr', 0, 18, 3, 18);


INSERT INTO `cars` (`id`, `brand`, `model`, `color`, `energy`, `plate_number`, `first_registration`, `driver_id`) VALUES
(1, 'Renault', 'Zoe', 'Rouge', 'essence', 'ME-458-MA', '2012-12-12', 3),
(2, 'Peugeot', '308', 'Bleu', 'diesel', 'AB-123-CD', '2015-06-15', 1),
(3, 'Citroën', 'C3', 'Noir', 'essence', 'BC-234-DE', '2018-03-20', 2),
(4, 'Toyota', 'Yaris', 'Blanc', 'hybride', 'CD-345-EF', '2020-11-05', 4),
(5, 'Volkswagen', 'Golf', 'Gris', 'diesel', 'DE-456-FG', '2010-01-10', 5),
(6, 'BMW', '320i', 'Vert', 'essence', 'EF-567-GH', '2019-09-09', 3),
(7, 'Audi', 'A3', 'Jaune', 'essence', 'FG-678-HI', '2016-04-22', 2),
(8, 'Ford', 'Focus', 'Argent', 'diesel', 'GH-789-IJ', '2013-07-30', 1),
(9, 'Mercedes', 'C-Class', 'Marron', 'hybride', 'HI-890-JK', '2021-02-14', 4),
(10, 'Nissan', 'Leaf', 'Bleu foncé', 'electrique', 'IJ-901-KL', '2014-08-08', 5);